Temperature,Humidity,Moisture,Status
37.0,36.5,1064,Wet
26.5,40.12,4056,Dry
36.5,51.42,2011,Wet
28.27,48.86,2908,Dry
34.46,32.95,2500,Dry
37.9,71.0,3264,Dry
32.95,56.47,3244,Dry
25.52,43.58,1668,Wet
33.0,42.0,3714,Dry
31.1,54.6,1643,Wet
26.67,36.99,2603,Dry
29.4,30.73,2877,Dry
36.19,34.63,1987,Wet
34.85,43.57,1539,Wet
33.72,45.64,1867,Wet
30.15,48.3,4095,Dry
34.52,44.21,1600,Wet
31.21,41.15,3170,Dry
32.86,46.2,894,Wet
33.5,49.5,1818,Wet
28.86,57.81,2533,Dry
33.38,34.35,3444,Dry
31.2,35.7,2646,Dry
30.25,58.2,2019,Wet
33.85,71.49,3778,Dry
31.2,51.9,3669,Dry
31.77,44.96,4053,Dry
37.73,62.74,3994,Dry
33.8,50.1,1818,Wet
31.4,31.9,3220,Dry
32.31,47.32,3897,Dry
34.02,45.58,1633,Wet
26.23,42.75,2123,Wet
32.97,44.35,3741,Dry
26.13,39.83,1758,Wet
35.66,39.26,2246,Wet
37.84,66.73,3522,Dry
31.55,43.96,1012,Wet
36.3,32.3,2121,Wet
32.71,41.08,1581,Wet
32.04,51.77,1451,Wet
38.1,49.5,3837,Dry
28.35,61.89,2094,Wet
38.84,38.84,2590,Wet
38.41,31.39,1494,Wet
36.23,37.69,4095,Dry
33.29,46.35,4095,Dry
32.08,44.77,4095,Dry
33.1,45.88,2183,Wet
32.23,43.8,1351,Wet
33.46,44.19,3728,Dry
32.77,47.12,1807,Wet
35.21,41.76,1598,Wet
35.2,51.6,2451,Wet
31.59,46.83,1655,Wet
35.26,41.46,1119,Wet
35.0,37.48,3868,Dry
33.29,41.45,3581,Dry
32.93,40.45,2607,Wet
34.22,41.67,1233,Wet
33.9,43.9,1296,Wet
34.19,46.71,1741,Wet
35.55,40.32,2334,Wet
30.13,48.03,1307,Wet
32.53,47.5,4057,Dry
32.76,45.95,4095,Dry
33.4,44.49,1118,Wet
33.5,41.3,1760,Wet
27.73,57.13,3147,Dry
33.76,42.8,1701,Wet
29.16,42.36,4009,Dry
31.9,51.9,1935,Wet
38.14,35.42,1287,Wet
36.0,39.1,4095,Dry
35.19,61.32,4029,Dry
31.76,50.77,1700,Wet
31.5,38.4,1277,Wet
38.39,50.7,1121,Wet
33.31,45.31,1702,Wet
33.56,35.49,725,Wet
33.1,47.59,1839,Wet
31.5,46.0,1101,Wet
31.54,44.32,2213,Wet
37.85,52.14,3793,Dry
33.98,44.46,4018,Dry
32.42,43.6,4082,Dry
33.11,45.99,1593,Wet
36.2,38.0,2257,Wet
32.53,42.66,2614,Wet
31.55,47.87,1369,Wet
33.57,46.75,1229,Wet
33.74,42.34,2399,Wet
33.39,43.85,1207,Wet
33.4,39.95,4068,Dry
33.41,35.99,3479,Dry
35.16,45.31,1289,Wet
30.69,46.96,1672,Wet
26.7,62.9,3981,Dry
38.9,51.35,3784,Dry
35.5,37.93,2345,Wet
32.96,45.86,1304,Wet
33.12,32.29,2671,Dry
31.03,65.34,3941,Dry
34.96,49.42,1315,Wet
33.27,44.36,1087,Wet
35.1,40.18,4028,Dry
32.1,36.7,1445,Wet
32.6,35.14,3970,Dry
32.18,44.62,2000,Wet
32.76,47.57,4095,Dry
35.47,42.77,1602,Wet
29.7,69.6,1173,Wet
31.6,44.41,1060,Wet
32.46,45.55,1295,Wet
31.6,45.3,3738,Dry
33.7,45.7,2934,Dry
33.1,58.9,2024,Wet
32.14,44.83,4087,Dry
32.32,42.77,1746,Wet
27.2,63.87,1985,Wet
38.71,31.34,1477,Wet
32.11,48.34,1663,Wet
31.63,45.71,1020,Wet
35.37,36.25,1685,Wet
31.42,45.89,1196,Wet
28.13,41.14,3657,Dry
33.79,44.77,862,Wet
31.22,68.14,2808,Dry
36.91,64.82,2279,Wet
33.38,48.65,3918,Dry
34.45,44.56,2533,Wet
31.95,35.0,605,Wet
29.6,54.5,2546,Dry
34.91,32.85,639,Wet
32.88,43.34,4095,Dry
25.5,63.96,1962,Wet
33.9,48.9,4095,Dry
31.76,59.33,2648,Dry
38.05,47.33,2762,Dry
33.4,38.57,3960,Dry
33.9,41.8,1773,Wet
26.3,56.7,1846,Wet
31.11,37.54,1402,Wet
31.68,65.4,2092,Wet
35.41,42.12,1907,Wet
33.09,42.99,2165,Wet
32.77,48.31,4012,Dry
32.48,42.85,1365,Wet
34.08,69.74,3840,Dry
34.84,36.14,3994,Dry
30.86,44.48,1228,Wet
32.18,63.81,2171,Wet
29.2,51.5,2699,Dry
34.22,70.28,2170,Wet
31.67,45.08,4030,Dry
31.81,41.93,1483,Wet
33.24,44.5,4095,Dry
33.33,65.65,1672,Wet
34.48,67.54,2191,Wet
37.83,41.56,4071,Dry
33.23,43.94,1737,Wet
37.69,38.62,4075,Dry
32.31,40.74,3575,Dry
32.79,34.56,3952,Dry
31.77,42.36,938,Wet
38.74,35.14,1433,Wet
33.2,42.5,1970,Wet
33.99,47.01,887,Wet
32.37,49.5,972,Wet
31.6,46.6,1137,Wet
34.06,43.99,3112,Dry
29.9,50.98,1452,Wet
32.3,46.96,4095,Dry
29.48,57.18,3853,Dry
29.8,34.6,1495,Wet
32.7,68.43,2577,Dry
30.89,45.58,1229,Wet
34.46,60.26,1144,Wet
36.98,47.89,3379,Dry
31.95,46.78,1017,Wet
33.8,43.58,1280,Wet
33.53,42.98,852,Wet
34.21,46.86,1830,Wet
33.92,40.45,1820,Wet
31.2,50.88,808,Wet
33.1,57.8,2016,Wet
28.02,48.88,3725,Dry
36.26,57.02,857,Wet
29.67,52.17,961,Wet
30.8,65.4,2073,Wet
32.19,42.1,3120,Dry
32.64,45.72,1677,Wet
33.42,58.99,1805,Wet
32.3,33.2,774,Wet
28.2,40.83,3721,Dry
33.5,45.2,2176,Wet
33.6,44.18,1552,Wet
34.22,47.98,1728,Wet
39.06,39.21,1764,Wet
32.11,44.64,968,Wet
32.21,42.67,3776,Dry
29.23,55.4,3825,Dry
34.36,45.05,1472,Wet
26.4,30.5,2191,Wet
33.7,41.2,2678,Wet
30.69,59.72,929,Wet
30.87,42.22,1829,Wet
31.44,44.28,1736,Wet
31.78,28.57,968,Wet
33.54,40.59,1294,Wet
31.6,45.86,4095,Dry
30.6,43.8,3664,Dry
32.82,38.7,1419,Wet
32.14,55.84,2748,Dry
32.04,34.01,1268,Wet
32.33,65.72,1682,Wet
33.18,44.99,3584,Dry
34.83,40.62,2276,Wet
34.46,44.64,2664,Wet
36.52,34.35,1457,Wet
30.43,46.4,1065,Wet
29.82,47.13,3940,Dry
25.78,68.53,1865,Wet
31.8,45.2,990,Wet
34.28,42.13,1797,Wet
31.7,45.7,4095,Dry
29.72,67.65,1238,Wet
34.71,45.36,1456,Wet
30.98,45.94,4095,Dry
33.8,44.6,1263,Wet
33.2,51.1,1968,Wet
36.3,34.27,2526,Dry
33.63,44.03,1597,Wet
32.82,44.97,1386,Wet
30.75,44.35,3996,Dry
31.7,45.8,1245,Wet
33.28,45.77,2939,Dry
33.0,48.4,2488,Wet
33.93,31.45,569,Wet
33.58,48.07,2209,Wet
34.09,45.55,1433,Wet
31.81,46.07,4094,Dry
29.79,36.04,1937,Wet
34.3,48.38,2013,Wet
31.52,49.63,4059,Dry
30.92,65.16,3732,Dry
31.6,45.4,3747,Dry
35.22,30.07,990,Wet
35.33,33.56,2074,Wet
32.99,45.64,2323,Wet
33.78,46.72,1270,Wet
33.01,56.79,1892,Wet
24.98,57.26,1739,Wet
30.39,47.98,2519,Wet
35.76,43.11,1590,Wet
33.34,44.45,1632,Wet
31.7,46.8,881,Wet
27.0,41.02,2843,Dry
31.6,43.1,1510,Wet
33.62,43.69,1010,Wet
33.72,44.25,1661,Wet
28.8,42.4,3097,Dry
33.92,45.35,2888,Wet
33.02,40.66,1781,Wet
33.7,30.5,2069,Wet
35.16,41.98,1112,Wet
33.01,44.56,3671,Dry
31.2,48.6,1648,Wet
34.5,65.82,3380,Dry
34.69,44.7,1247,Wet
37.0,44.68,1388,Wet
31.33,46.57,4044,Dry
32.73,44.15,4095,Dry
31.74,46.16,1033,Wet
33.45,71.33,3820,Dry
31.58,33.57,2769,Dry
33.66,41.76,4010,Dry
33.94,43.5,1385,Wet
33.63,60.13,1981,Wet
30.81,43.11,924,Wet
32.18,47.55,1123,Wet
33.78,59.65,2062,Wet
32.6,62.99,2026,Wet
33.84,65.19,2654,Dry
31.71,42.1,4043,Dry
34.81,54.93,4042,Dry
30.02,54.01,1434,Wet
32.1,45.01,1255,Wet
38.44,35.81,1136,Wet
33.9,45.5,2046,Wet
31.16,63.71,3993,Dry
31.82,43.57,1703,Wet
36.4,49.9,3402,Dry
32.97,58.13,1847,Wet
33.56,42.39,1663,Wet
32.37,42.79,3738,Dry
33.7,45.6,1595,Wet
34.13,32.28,2128,Wet
33.04,42.19,1538,Wet
35.1,40.63,2016,Wet
31.12,40.68,1804,Wet
30.85,69.06,2309,Wet
34.21,44.37,2165,Wet
33.79,42.68,2136,Wet
35.02,45.43,2114,Wet
28.51,35.54,2625,Wet
30.84,38.72,1569,Wet
32.82,45.51,1210,Wet
30.59,45.28,3966,Dry
34.95,46.02,4095,Dry
34.09,45.28,1143,Wet
31.02,43.09,1063,Wet
40.59,42.0,2715,Dry
32.41,42.75,1451,Wet
34.3,47.15,1513,Wet
36.49,62.47,1182,Wet
38.56,71.14,1469,Wet
32.02,43.67,3919,Dry
31.57,44.38,1516,Wet
32.47,49.8,2316,Wet
33.23,39.75,1950,Wet
32.63,43.03,1773,Wet
32.44,50.36,1808,Wet
30.59,51.0,4095,Dry
33.55,46.64,1646,Wet
32.7,46.48,1656,Wet
34.6,70.98,2205,Wet
28.7,59.21,940,Wet
38.2,46.2,2681,Dry
38.82,30.42,1113,Wet
34.46,44.32,966,Wet
34.0,43.5,2642,Wet
32.1,45.38,2450,Wet
34.07,46.38,1991,Wet
33.88,29.95,2723,Dry
33.54,44.63,4095,Dry
34.75,43.93,1973,Wet
38.32,71.21,3283,Dry
34.07,42.43,2948,Dry
31.76,54.96,4059,Dry
33.0,45.85,2331,Wet
31.9,45.9,799,Wet
28.85,43.13,2846,Dry
34.79,44.53,1635,Wet
33.77,55.29,1689,Wet
37.61,31.87,2167,Wet
34.69,47.92,1712,Wet
32.8,45.2,4095,Dry
29.6,56.64,2609,Dry
29.68,48.4,4039,Dry
32.1,46.1,3194,Dry
37.8,35.6,1456,Wet
33.6,43.9,1493,Wet
31.29,42.58,1472,Wet
31.59,45.27,1308,Wet
33.96,43.29,1255,Wet
32.9,37.81,700,Wet
29.17,45.3,3980,Dry
33.06,41.94,1254,Wet
26.94,40.51,4095,Dry
32.0,42.7,1430,Wet
31.24,50.21,2018,Wet
28.35,60.79,1028,Wet
36.68,37.73,2541,Wet
27.67,38.65,3989,Dry
30.45,40.21,4048,Dry
35.36,42.03,1142,Wet
38.35,31.42,1057,Wet
31.75,45.43,1473,Wet
33.22,51.72,2053,Wet
33.17,60.73,2085,Wet
32.98,42.65,3113,Dry
33.22,45.78,928,Wet
31.0,49.4,2471,Wet
34.47,70.89,2121,Wet
29.39,48.31,1170,Wet
31.2,48.82,4095,Dry
32.2,47.56,1595,Wet
32.64,63.65,3219,Dry
32.5,47.4,4095,Dry
34.38,45.0,1519,Wet
30.77,49.16,991,Wet
31.49,48.02,4074,Dry
29.08,50.72,1339,Wet
33.73,59.48,2293,Wet
27.2,37.36,4007,Dry
33.17,45.2,3546,Dry
34.11,46.02,1846,Wet
31.35,42.69,1503,Wet
34.82,47.79,2171,Wet
31.21,44.17,1279,Wet
33.68,53.96,3188,Dry
32.04,54.37,1787,Wet
33.38,42.3,2423,Wet
36.09,58.83,4075,Dry
32.19,45.16,1152,Wet
36.5,38.4,3328,Dry
34.22,48.38,1544,Wet
30.37,56.97,1814,Wet
32.62,40.31,4095,Dry
33.31,33.87,762,Wet
32.9,44.06,1084,Wet
33.78,46.17,1630,Wet
34.0,44.2,4095,Dry
34.11,33.71,2054,Wet
33.1,43.7,1553,Wet
31.44,46.65,1586,Wet
31.5,44.47,3690,Dry
37.3,33.6,1918,Wet
32.74,38.27,3907,Dry
36.88,33.7,1421,Wet
33.12,42.16,4095,Dry
32.87,46.77,3455,Dry
33.14,44.09,869,Wet
34.9,39.24,2442,Wet
33.2,43.6,3740,Dry
32.0,44.1,1554,Wet
35.66,58.15,4001,Dry
33.05,56.9,1754,Wet
30.12,50.59,1520,Wet
33.37,47.07,1804,Wet
34.1,32.3,2632,Dry
35.35,33.71,979,Wet
36.82,34.86,2220,Wet
37.09,47.2,714,Wet
31.4,46.6,4040,Dry
33.04,40.14,1841,Wet
33.23,45.94,4095,Dry
31.72,46.39,939,Wet
32.04,43.47,2270,Wet
27.91,67.33,1979,Wet
34.22,47.49,1258,Wet
29.87,42.0,1217,Wet
31.7,46.5,3452,Dry
38.32,32.05,1394,Wet
37.08,53.43,820,Wet
34.5,49.6,680,Wet
26.32,60.4,989,Wet
29.36,65.29,3854,Dry
29.92,45.34,1164,Wet
36.01,56.61,2047,Wet
35.67,67.44,2144,Wet
33.59,44.62,1598,Wet
33.0,42.4,1557,Wet
31.45,45.19,1524,Wet
33.04,39.82,810,Wet
32.84,47.52,1672,Wet
31.54,42.04,1009,Wet
32.7,43.0,961,Wet
33.49,40.31,1242,Wet
37.78,47.39,1361,Wet
33.1,43.8,4012,Dry
32.78,46.28,1725,Wet
26.91,41.28,3708,Dry
32.3,46.3,4095,Dry
30.88,40.11,1488,Wet
38.0,36.9,4048,Dry
33.69,45.1,1283,Wet
35.32,52.1,1796,Wet
31.81,40.3,2556,Wet
31.81,45.18,3986,Dry
27.91,68.95,1918,Wet
28.79,50.02,2617,Dry
37.9,36.3,2554,Wet
36.99,35.84,896,Wet
37.38,31.88,1994,Wet
30.63,47.75,1936,Wet
33.9,31.5,3190,Dry
34.4,44.76,2219,Wet
33.1,44.1,1774,Wet
32.0,44.3,1291,Wet
35.39,69.13,1224,Wet
37.62,38.96,2070,Wet
35.4,45.07,1692,Wet
33.15,46.17,1705,Wet
35.66,70.2,2229,Wet
30.01,33.46,2803,Dry
30.37,51.1,1390,Wet
27.31,56.38,2008,Wet
36.41,37.9,1065,Wet
35.41,34.5,1621,Wet
32.34,40.56,2290,Wet
33.02,43.3,2288,Wet
36.3,36.7,2015,Wet
30.67,49.0,934,Wet
35.7,56.59,4014,Dry
38.03,37.53,613,Wet
33.38,47.25,1621,Wet
31.93,48.72,1185,Wet
33.08,53.05,2565,Wet
34.18,42.85,1350,Wet
31.79,43.39,1724,Wet
32.67,42.56,3586,Dry
25.66,42.78,2074,Wet
33.35,44.53,1565,Wet
35.69,32.69,2148,Wet
28.48,67.61,1887,Wet
32.6,33.8,844,Wet
36.0,40.0,2317,Wet
32.59,42.81,1008,Wet
34.03,53.29,2694,Dry
33.3,43.8,2299,Wet
31.8,61.9,3268,Dry
33.53,44.88,4095,Dry
32.2,34.17,1355,Wet
27.0,65.8,1896,Wet
33.5,44.5,1679,Wet
33.29,42.48,2224,Wet
33.81,69.66,1341,Wet
31.89,40.96,1884,Wet
34.94,41.06,3919,Dry
27.9,59.0,1310,Wet
32.45,42.18,799,Wet
36.81,43.26,1650,Wet
30.92,69.48,2778,Dry
30.85,62.28,2513,Dry
38.22,29.66,1149,Wet
33.19,46.76,2241,Wet
34.83,48.8,2031,Wet
32.2,41.7,1534,Wet
33.6,53.0,1439,Wet
34.02,40.41,3939,Dry
31.73,46.44,3975,Dry
35.4,35.8,956,Wet
31.1,43.86,1153,Wet
32.46,47.21,4095,Dry
33.5,42.9,1240,Wet
35.57,41.62,2292,Wet
33.8,60.81,2028,Wet
31.03,43.41,3173,Dry
33.4,46.1,2150,Wet
31.79,44.41,3162,Dry
34.43,36.19,1660,Wet
33.05,46.98,1528,Wet
33.6,41.2,4095,Dry
33.1,43.46,4095,Dry
33.76,44.26,4010,Dry
33.13,41.36,1390,Wet
36.8,32.8,3979,Dry
32.0,46.2,4090,Dry
30.0,60.0,871,Wet
33.0,65.8,3650,Dry
32.27,62.35,1639,Wet
33.48,47.95,1566,Wet
29.2,68.04,1135,Wet
34.29,50.05,1992,Wet
33.04,56.46,1998,Wet
33.52,41.31,1722,Wet
31.33,42.39,1198,Wet
34.22,42.63,1433,Wet
34.43,44.46,2872,Wet
35.83,56.2,1755,Wet
37.44,31.74,4052,Dry
27.99,38.22,1864,Wet
28.25,44.03,1182,Wet
38.29,35.99,1099,Wet
37.19,64.28,2387,Wet
33.1,58.56,2001,Wet
34.32,46.21,3448,Dry
32.4,43.94,1467,Wet
31.78,55.21,1601,Wet
34.54,43.15,2795,Wet
33.07,46.39,3020,Wet
33.09,41.11,1495,Wet
34.8,41.09,2626,Wet
31.9,48.7,1647,Wet
32.0,43.37,2549,Wet
33.7,46.33,1632,Wet
28.61,56.34,1840,Wet
30.43,68.44,2206,Wet
32.68,45.19,1368,Wet
32.89,47.77,2078,Wet
32.67,43.55,1555,Wet
29.87,31.65,2917,Dry
36.77,35.25,2578,Wet
32.01,45.13,1273,Wet
30.2,37.5,2488,Wet
29.47,52.33,2758,Dry
32.59,44.1,1724,Wet
32.32,43.63,1627,Wet
33.85,42.36,1043,Wet
35.43,33.07,991,Wet
26.8,32.7,3704,Dry
31.9,39.4,3556,Dry
37.53,37.72,2576,Wet
30.12,58.74,3869,Dry
35.5,57.8,4035,Dry
35.38,40.89,1070,Wet
31.43,45.63,2552,Wet
33.92,45.38,1269,Wet
32.9,42.9,2363,Wet
37.65,44.16,1761,Wet
32.5,45.0,1648,Wet
35.46,38.57,2322,Wet
35.71,30.83,3998,Dry
32.9,30.1,965,Wet
38.69,29.38,1016,Wet
27.6,30.3,3804,Dry
31.4,48.33,2018,Wet
34.22,66.71,3315,Dry
31.62,55.56,1331,Wet
37.2,54.5,2019,Wet
32.7,54.4,1955,Wet
35.3,42.98,1392,Wet
31.47,54.2,1904,Wet
30.55,42.43,689,Wet
30.37,69.85,2638,Dry
38.29,36.77,1427,Wet
32.33,46.29,1034,Wet
27.7,35.8,2633,Dry
31.48,52.88,1872,Wet
34.5,66.9,2192,Wet
31.98,48.35,1569,Wet
34.8,42.92,1399,Wet
32.42,51.14,998,Wet
29.4,52.6,1327,Wet
33.23,43.75,1774,Wet
29.22,54.43,3184,Dry
31.47,50.77,1379,Wet
31.68,53.36,3634,Dry
31.11,40.4,1346,Wet
38.7,37.46,4037,Dry
31.42,46.1,1047,Wet
33.26,57.66,2056,Wet
31.64,53.59,3688,Dry
28.36,56.64,1318,Wet
33.49,40.05,2475,Wet
35.24,41.7,1727,Wet
29.95,46.42,1537,Wet
33.9,43.1,1950,Wet
33.3,43.7,1229,Wet
29.65,45.48,3067,Dry
34.18,54.75,1817,Wet
31.7,45.5,1206,Wet
34.27,37.15,2225,Wet
27.88,56.33,926,Wet
33.2,44.1,1560,Wet
38.74,31.16,1095,Wet
29.9,35.6,1876,Wet
35.95,37.85,2288,Wet
35.35,37.75,3682,Dry
32.38,55.17,2019,Wet
30.92,35.9,1458,Wet
32.84,40.97,1120,Wet
31.8,46.7,1040,Wet
38.06,36.11,1395,Wet
35.89,49.92,2454,Wet
29.12,46.79,3746,Dry
30.08,46.02,1678,Wet
38.18,33.58,1991,Wet
33.53,42.54,1389,Wet
34.7,32.8,2526,Dry
32.0,45.33,1141,Wet
33.26,45.25,1232,Wet
31.86,45.24,3604,Dry
33.76,44.69,1517,Wet
29.9,50.5,1553,Wet
34.19,45.56,4002,Dry
34.46,71.85,1272,Wet
38.09,47.33,2648,Dry
32.16,60.82,3300,Dry
33.03,39.61,2925,Wet
33.15,44.81,1516,Wet
34.76,52.39,1736,Wet
34.99,40.67,1753,Wet
32.69,45.11,4095,Dry
34.23,46.63,1231,Wet
32.1,44.66,803,Wet
31.39,45.24,858,Wet
31.65,48.74,3671,Dry
31.23,48.61,932,Wet
31.81,44.92,1288,Wet
29.21,48.75,777,Wet
30.16,45.18,1107,Wet
36.02,37.29,1400,Wet
33.8,44.54,2705,Wet
39.2,37.6,586,Wet
34.27,69.45,1272,Wet
32.21,49.08,891,Wet
32.97,42.64,2194,Wet
33.8,47.95,1762,Wet
33.3,45.0,2928,Wet
33.95,44.5,2178,Wet
34.2,39.3,3605,Dry
32.45,41.84,953,Wet
33.2,60.1,2110,Wet
33.6,43.01,2458,Wet
33.77,56.74,1757,Wet
32.89,41.6,1898,Wet
33.6,52.6,1791,Wet
27.3,57.14,1647,Wet
36.04,37.07,1829,Wet
37.83,37.06,4085,Dry
38.73,48.94,3829,Dry
32.75,40.34,1535,Wet
33.14,39.26,1037,Wet
27.28,44.81,2995,Dry
34.44,40.83,1259,Wet
32.42,44.67,3519,Dry
29.67,45.32,3854,Dry
26.61,55.65,1913,Wet
31.46,45.36,1279,Wet
32.8,42.88,816,Wet
33.16,38.08,3598,Dry
32.7,44.8,792,Wet
31.56,42.54,1428,Wet
38.64,34.64,1029,Wet
36.19,42.58,4053,Dry
33.17,44.56,2258,Wet
36.8,35.64,1975,Wet
36.25,58.27,830,Wet
31.18,45.68,1032,Wet
37.15,35.38,3999,Dry
36.75,54.73,2000,Wet
35.05,57.14,2516,Wet
32.28,42.28,2754,Wet
31.2,45.6,3885,Dry
33.82,45.85,1318,Wet
32.05,48.19,1221,Wet
34.93,46.73,1641,Wet
33.38,39.92,1306,Wet
27.49,37.41,3627,Dry
33.36,44.41,3221,Dry
37.2,63.5,3592,Dry
31.7,46.1,778,Wet
34.95,50.91,2475,Wet
34.6,53.77,1728,Wet
32.05,70.79,2725,Dry
29.83,54.57,982,Wet
30.75,43.89,817,Wet
31.52,38.27,2710,Dry
32.9,43.9,1835,Wet
36.83,36.81,4095,Dry
33.25,54.78,1793,Wet
26.8,38.6,2960,Dry
33.7,45.45,1725,Wet
31.62,45.45,2039,Wet
33.76,43.12,1257,Wet
33.95,41.96,1353,Wet
35.43,38.91,2315,Wet
32.23,43.61,3878,Dry
35.2,45.04,1249,Wet
33.42,44.59,2054,Wet
34.78,60.29,2009,Wet
32.2,45.93,1329,Wet
28.75,55.55,3122,Dry
32.2,43.02,1144,Wet
26.94,30.95,2131,Wet
32.06,37.07,1411,Wet
33.3,43.9,2254,Wet
31.85,44.71,1184,Wet
34.22,31.49,2069,Wet
32.0,42.0,3239,Dry
34.22,58.71,3976,Dry
31.17,46.16,799,Wet
35.07,40.27,2629,Wet
37.22,35.19,1394,Wet
32.83,48.3,1774,Wet
30.87,43.92,1173,Wet
33.24,67.4,2078,Wet
30.87,49.38,4020,Dry
35.43,39.21,1033,Wet
32.84,46.35,3512,Dry
33.8,32.71,2056,Wet
31.56,52.48,1283,Wet
32.9,48.2,3958,Dry
34.8,67.6,1404,Wet
33.75,48.16,899,Wet
26.36,67.12,1947,Wet
38.32,35.48,1210,Wet
40.36,36.21,1527,Wet
31.03,47.48,4067,Dry
32.78,45.16,1076,Wet
33.49,61.29,1166,Wet
34.34,46.83,1518,Wet
32.72,42.47,1454,Wet
37.83,35.1,2144,Wet
29.67,45.42,1227,Wet
33.2,54.5,3280,Dry
32.7,42.07,1312,Wet
32.19,27.32,1050,Wet
32.64,44.67,2343,Wet
32.88,49.05,2135,Wet
31.6,43.6,1507,Wet
34.43,39.49,4095,Dry
34.34,40.13,1984,Wet
28.83,51.66,1362,Wet
31.6,41.9,1780,Wet
33.62,41.05,1873,Wet
32.62,43.16,861,Wet
29.53,58.48,938,Wet
32.94,47.48,3859,Dry
32.92,47.86,2866,Dry
33.9,33.9,3445,Dry
32.58,40.84,2492,Wet
37.74,33.06,1957,Wet
32.89,45.65,3678,Dry
38.0,32.81,1409,Wet
33.54,63.32,1664,Wet
31.66,45.62,1341,Wet
36.24,38.61,1965,Wet
34.05,65.52,2093,Wet
31.31,44.5,951,Wet
33.49,60.62,4047,Dry
32.76,46.03,1281,Wet
32.29,29.72,629,Wet
27.22,40.52,3068,Dry
33.79,43.26,1749,Wet
33.65,40.89,1394,Wet
33.54,32.41,827,Wet
33.8,48.8,1598,Wet
32.25,37.86,3071,Dry
33.26,40.9,3680,Dry
33.6,48.11,1027,Wet
33.86,44.26,1558,Wet
35.71,39.4,2022,Wet
32.98,28.67,873,Wet
32.19,43.07,1224,Wet
38.14,36.6,1623,Wet
33.5,42.6,1455,Wet
26.86,43.66,2073,Wet
34.09,40.54,1465,Wet
31.43,42.66,924,Wet
32.22,52.17,4070,Dry
29.62,32.63,2856,Dry
35.01,58.43,2406,Wet
38.0,37.68,4095,Dry
29.07,49.29,3782,Dry
34.35,41.0,2714,Wet
36.42,39.39,4095,Dry
29.1,60.2,2550,Dry
30.9,48.3,4095,Dry
30.12,45.08,2071,Wet
30.21,45.89,1157,Wet
34.45,44.53,1560,Wet
35.17,49.63,1675,Wet
33.1,43.5,3560,Dry
29.55,48.25,3373,Dry
32.38,47.35,4084,Dry
38.12,34.46,2059,Wet
33.29,44.31,2181,Wet
32.08,36.8,1181,Wet
28.9,58.4,1611,Wet
31.2,44.82,1871,Wet
37.5,32.7,1183,Wet
29.85,48.13,1148,Wet
26.08,46.12,1250,Wet
31.75,47.81,2092,Wet
33.25,44.41,1374,Wet
32.93,44.28,1250,Wet
35.26,50.98,2508,Wet
31.47,34.42,780,Wet
34.01,44.33,2398,Wet
32.33,68.72,2692,Dry
31.4,46.12,1886,Wet
33.95,39.77,1075,Wet
25.84,60.65,992,Wet
32.0,64.0,1665,Wet
30.97,45.5,1152,Wet
31.94,40.62,4043,Dry
34.91,54.58,2586,Wet
37.51,62.57,2578,Dry
35.31,45.3,2046,Wet
34.12,55.32,2520,Wet
32.74,45.94,2390,Wet
35.3,53.4,832,Wet
30.34,42.52,2483,Wet
33.6,42.9,1951,Wet
35.87,49.22,639,Wet
27.02,38.06,2502,Wet
33.59,53.59,2083,Wet
37.9,31.0,1100,Wet
31.21,70.92,3930,Dry
32.68,69.13,2683,Dry
33.78,46.22,4095,Dry
37.89,35.87,4058,Dry
31.26,72.93,2792,Dry
37.9,30.22,2009,Wet
35.1,32.68,2489,Dry
34.0,41.3,2559,Wet
30.35,36.81,2644,Dry
33.39,41.52,1913,Wet
29.58,58.68,1838,Wet
33.28,46.0,2646,Wet
31.3,46.5,989,Wet
33.7,46.5,1813,Wet
33.52,44.74,1412,Wet
39.09,49.03,1103,Wet
24.89,30.06,2181,Wet
33.7,43.9,1250,Wet
33.15,46.68,2163,Wet
37.8,30.28,1264,Wet
33.91,67.56,2254,Wet
33.09,47.41,3777,Dry
32.1,47.5,4095,Dry
29.82,46.72,1673,Wet
25.92,59.92,2230,Wet
35.0,58.3,3999,Dry
30.12,30.99,1375,Wet
30.98,53.13,1238,Wet
27.84,26.14,3831,Dry
33.35,45.56,1579,Wet
34.25,42.5,1890,Wet
36.5,37.1,1595,Wet
32.56,43.2,1521,Wet
29.8,47.18,954,Wet
29.07,48.26,856,Wet
34.29,43.29,1697,Wet
31.7,45.7,4045,Dry
29.05,63.58,3899,Dry
32.94,45.67,1676,Wet
33.14,47.69,2228,Wet
31.7,35.7,2770,Dry
33.03,48.42,3994,Dry
32.7,44.09,1903,Wet
34.77,40.05,1896,Wet
34.07,49.28,1583,Wet
30.78,45.76,4076,Dry
38.4,50.4,1117,Wet
36.3,40.57,2536,Wet
32.9,44.1,1787,Wet
32.25,45.87,2176,Wet
31.64,43.37,1414,Wet
36.0,40.8,4100,Dry
33.7,47.26,2894,Dry
38.0,34.8,1443,Wet
32.14,45.26,4095,Dry
32.67,57.78,2030,Wet
33.2,44.4,1408,Wet
33.98,45.05,2013,Wet
31.32,45.36,2122,Wet
31.77,42.82,2146,Wet
37.3,29.63,4027,Dry
32.95,40.22,884,Wet
28.9,37.55,2961,Dry
33.88,57.8,1983,Wet
36.07,42.36,4025,Dry
38.04,49.98,3841,Dry
33.7,43.1,1017,Wet
34.21,58.41,2429,Wet
32.05,59.77,2007,Wet
27.79,39.89,2841,Dry
33.6,42.9,1071,Wet
32.25,43.55,1190,Wet
29.57,46.56,3832,Dry
34.4,38.59,1543,Wet
37.75,48.5,3341,Dry
35.15,37.86,2465,Wet
36.8,63.4,4020,Dry
31.01,31.81,728,Wet
33.68,51.78,652,Wet
34.01,52.57,1457,Wet
36.26,39.9,3341,Dry
31.0,50.24,4059,Dry
35.71,45.95,1754,Wet
32.81,46.32,1450,Wet
39.47,37.63,1363,Wet
33.88,46.57,3710,Dry
33.3,70.6,3820,Dry
31.64,44.37,3981,Dry
36.8,34.87,1374,Wet
34.56,42.15,1521,Wet
33.85,45.0,2241,Wet
26.01,61.72,2116,Wet
30.1,32.8,2844,Dry
28.71,53.27,1432,Wet
34.6,66.5,2580,Dry
33.8,43.6,1297,Wet
26.8,41.3,1704,Wet
33.29,43.64,2023,Wet
30.99,50.63,1499,Wet
33.78,43.22,1663,Wet
27.81,64.27,1908,Wet
33.71,54.41,2590,Dry
31.78,43.58,1156,Wet
32.67,43.18,2870,Wet
32.3,50.32,1602,Wet
32.71,44.97,819,Wet
33.58,44.0,1650,Wet
34.6,48.45,1704,Wet
33.8,43.1,1540,Wet
36.6,49.46,3260,Dry
34.53,40.46,2346,Wet
32.13,46.14,4095,Dry
37.65,35.54,630,Wet
31.78,42.36,4095,Dry
34.97,44.08,1645,Wet
37.28,71.53,1557,Wet
32.03,48.09,1220,Wet
39.24,39.86,4095,Dry
32.17,44.75,2252,Wet
27.2,60.2,965,Wet
33.37,44.87,1696,Wet
32.82,44.84,4095,Dry
32.04,44.92,891,Wet
30.6,47.76,4095,Dry
34.49,51.87,1947,Wet
32.53,48.71,1969,Wet
37.6,36.06,1292,Wet
30.5,44.29,999,Wet
33.4,59.4,2020,Wet
33.4,44.49,2200,Wet
33.44,56.3,1996,Wet
31.22,54.01,2660,Dry
34.32,62.61,1780,Wet
33.21,43.35,1637,Wet
28.89,60.37,2513,Dry
32.6,45.32,2399,Wet
30.67,75.07,2811,Dry
32.78,29.41,1009,Wet
34.13,39.27,2675,Wet
36.57,54.88,2033,Wet
33.93,47.2,1301,Wet
31.37,45.13,3557,Dry
32.8,42.31,3991,Dry
33.82,46.95,2143,Wet
31.3,45.5,4011,Dry
33.69,68.55,2203,Wet
33.53,47.13,1230,Wet
33.0,44.1,2467,Wet
29.78,60.96,3787,Dry
31.05,46.61,892,Wet
32.55,54.67,3280,Dry
35.56,68.07,2143,Wet
32.98,43.53,1462,Wet
33.67,46.45,3116,Dry
30.31,34.26,3526,Dry
31.53,43.39,1427,Wet
32.43,40.19,2802,Wet
27.08,46.2,3775,Dry
31.8,47.5,1256,Wet
26.22,61.25,3946,Dry
30.34,44.38,876,Wet
33.65,44.01,991,Wet
34.2,43.36,2484,Wet
32.37,44.0,1982,Wet
33.6,44.5,1232,Wet
32.42,49.88,2082,Wet
29.1,63.9,2253,Wet
34.82,45.19,1452,Wet
30.9,48.5,1332,Wet
31.38,50.99,816,Wet
31.4,44.7,2021,Wet
31.04,43.7,3212,Dry
31.23,43.32,3665,Dry
31.74,37.39,2671,Dry
34.74,59.12,2054,Wet
37.5,32.09,1846,Wet
38.02,35.5,1416,Wet
32.0,46.1,2166,Wet
37.0,48.1,3318,Dry
32.44,45.28,1562,Wet
31.78,46.88,3933,Dry
32.29,46.53,1451,Wet
34.43,44.92,3949,Dry
33.2,44.2,1420,Wet
31.91,45.51,1096,Wet
34.19,47.77,1868,Wet
33.72,44.13,4095,Dry
31.76,45.19,2179,Wet
34.64,40.18,4081,Dry
36.0,37.67,1631,Wet
37.09,42.49,2213,Wet
27.23,38.21,1677,Wet
32.34,43.58,3594,Dry
34.16,27.6,3172,Dry
33.28,46.41,1668,Wet
37.69,42.73,1673,Wet
33.05,45.01,1299,Wet
32.44,44.66,3601,Dry
33.88,45.13,1650,Wet
36.67,56.88,831,Wet
32.9,45.3,2550,Wet
38.59,55.89,2545,Dry
32.17,47.03,4065,Dry
31.26,46.31,1665,Wet
36.79,35.98,1239,Wet
34.18,37.03,2299,Wet
32.6,69.4,2667,Dry
32.41,45.04,1599,Wet
37.0,33.0,1232,Wet
30.85,45.22,4095,Dry
34.87,54.23,862,Wet
33.4,40.7,1250,Wet
33.9,46.1,1393,Wet
27.77,59.43,2571,Dry
31.82,46.6,1110,Wet
32.41,71.78,2804,Dry
31.65,41.75,1056,Wet
33.83,42.8,1619,Wet
28.9,55.4,947,Wet
29.9,45.75,1105,Wet
32.94,48.4,1822,Wet
26.13,32.97,2150,Wet
32.48,44.23,1250,Wet
32.12,46.33,1895,Wet
30.9,43.8,4065,Dry
31.06,48.98,1189,Wet
27.26,63.29,1242,Wet
33.78,48.1,1792,Wet
37.08,38.02,4024,Dry
36.51,35.71,4055,Dry
29.5,63.1,3964,Dry
26.13,39.05,2872,Dry
31.7,48.0,1088,Wet
33.15,52.54,1802,Wet
33.5,43.1,1463,Wet
32.7,56.1,2665,Dry
30.97,49.48,878,Wet
32.34,52.94,1973,Wet
35.56,47.36,1819,Wet
27.4,61.4,2171,Wet
33.39,46.31,2021,Wet
33.7,43.8,3455,Dry
32.2,62.3,1983,Wet
28.88,54.02,957,Wet
31.47,41.27,1648,Wet
31.39,45.22,4032,Dry
34.5,47.41,3964,Dry
33.5,43.3,2762,Wet
34.13,59.49,1141,Wet
34.66,36.59,3999,Dry
31.7,45.8,779,Wet
33.81,40.92,991,Wet
31.04,44.32,3968,Dry
33.3,32.4,608,Wet
30.76,35.76,1932,Wet
30.58,45.54,811,Wet
31.57,45.7,1472,Wet
33.11,48.03,2052,Wet
31.2,46.9,4060,Dry
35.87,45.12,2928,Wet
33.99,47.32,1531,Wet
34.7,40.44,4095,Dry
33.86,45.27,926,Wet
33.03,47.73,1069,Wet
32.3,34.92,2719,Dry
32.5,44.5,1104,Wet
31.52,44.69,977,Wet
31.87,46.26,4095,Dry
31.4,52.0,4085,Dry
33.56,43.89,1081,Wet
34.04,41.92,3866,Dry
31.3,46.8,997,Wet
32.92,43.99,2303,Wet
35.88,40.04,3953,Dry
36.7,30.9,4039,Dry
34.45,50.95,1756,Wet
37.0,47.97,2695,Dry
30.49,44.05,844,Wet
34.36,42.63,1464,Wet
31.78,48.28,1956,Wet
37.83,62.73,3977,Dry
32.47,41.99,1177,Wet
32.7,47.6,3803,Dry
33.05,42.39,1707,Wet
34.42,61.18,2415,Wet
34.1,60.1,1146,Wet
34.55,40.23,1825,Wet
36.21,54.32,913,Wet
31.71,49.63,1840,Wet
38.25,33.17,1387,Wet
33.16,51.05,744,Wet
33.98,40.59,2276,Wet
31.92,43.51,1225,Wet
31.3,47.08,806,Wet
31.6,46.9,850,Wet
33.25,66.13,3345,Dry
36.59,35.26,2071,Wet
34.35,41.62,1239,Wet
33.5,40.7,1434,Wet
33.5,44.1,4095,Dry
32.9,42.9,1700,Wet
35.44,33.46,3928,Dry
33.06,42.73,1670,Wet
28.49,60.41,1554,Wet
38.5,30.0,1010,Wet
31.62,50.05,708,Wet
31.86,41.1,4015,Dry
30.22,35.15,1495,Wet
26.58,38.62,4026,Dry
31.39,42.33,4057,Dry
30.53,43.7,1246,Wet
31.75,43.09,2148,Wet
31.97,45.54,1327,Wet
28.7,57.47,1613,Wet
32.5,44.45,1174,Wet
32.86,46.26,1253,Wet
34.08,47.5,1357,Wet
30.19,44.18,933,Wet
31.05,45.56,1096,Wet
32.4,47.45,988,Wet
33.04,46.46,1725,Wet
32.58,44.2,1384,Wet
33.2,43.5,1475,Wet
37.5,36.6,2067,Wet
31.38,56.99,1613,Wet
34.67,41.1,2426,Wet
27.94,44.29,1251,Wet
33.0,41.4,2560,Wet
33.37,40.55,1745,Wet
28.9,47.4,3757,Dry
32.6,42.74,814,Wet
34.02,42.91,2255,Wet
35.6,33.9,1623,Wet
37.75,31.03,1187,Wet
32.26,39.21,3427,Dry
37.4,33.6,2018,Wet
38.1,33.9,1390,Wet
31.64,40.1,1311,Wet
33.7,58.5,1779,Wet
29.4,57.0,1844,Wet
32.58,43.2,1658,Wet
31.7,43.5,1870,Wet
31.7,45.7,4035,Dry
31.49,42.07,1290,Wet
30.11,61.96,1969,Wet
33.94,44.22,1823,Wet
37.51,30.08,1129,Wet
32.72,42.6,1901,Wet
30.08,35.79,3536,Dry
30.71,44.32,1030,Wet
30.36,38.31,1470,Wet
33.53,50.63,1491,Wet
33.15,41.23,1964,Wet
31.5,46.4,1116,Wet
34.33,43.62,1999,Wet
28.17,28.2,3872,Dry
33.75,38.49,3924,Dry
36.35,72.32,3323,Dry
38.32,34.15,1465,Wet
30.19,45.96,3125,Dry
32.58,48.16,4027,Dry
32.23,47.52,969,Wet
34.0,41.7,1601,Wet
31.65,64.96,2260,Wet
33.39,44.8,1711,Wet
31.4,43.58,1772,Wet
34.11,44.62,1917,Wet
26.74,41.77,3144,Dry
33.3,65.5,1714,Wet
33.07,47.09,4059,Dry
32.34,41.77,2280,Wet
34.2,40.3,1061,Wet
30.18,48.65,1196,Wet
32.98,50.44,1975,Wet
33.69,41.96,1255,Wet
30.52,46.35,1522,Wet
33.6,54.1,1808,Wet
33.1,45.2,2953,Wet
33.4,47.9,2144,Wet
32.0,44.3,1632,Wet
34.0,39.7,2280,Wet
33.82,43.73,3956,Dry
33.4,41.6,1822,Wet
28.56,58.5,1876,Wet
27.64,36.29,2618,Dry
33.9,43.7,1610,Wet
33.8,43.6,3070,Dry
32.96,52.04,1782,Wet
37.49,33.13,1133,Wet
33.5,45.6,1264,Wet
33.4,43.4,1383,Wet
32.21,39.26,1295,Wet
30.22,32.86,2527,Wet
34.19,37.46,3984,Dry
36.93,66.47,2292,Wet
33.37,48.46,2103,Wet
33.1,43.8,2210,Wet
32.1,35.5,3497,Dry
32.11,45.54,4095,Dry
32.98,55.55,3256,Dry
34.58,56.62,2014,Wet
37.94,34.92,2066,Wet
33.0,48.7,1999,Wet
32.43,42.6,1629,Wet
32.0,41.22,1853,Wet
28.54,64.86,2121,Wet
33.12,61.2,2040,Wet
30.09,49.18,1595,Wet
32.9,43.1,1382,Wet
31.62,66.7,1729,Wet
32.67,46.85,836,Wet
31.49,40.5,1521,Wet
32.64,45.71,1274,Wet
33.14,49.17,1784,Wet
37.17,60.27,3580,Dry
34.29,53.53,1471,Wet
28.15,39.08,3122,Dry
33.81,43.87,1475,Wet
34.57,45.23,2194,Wet
30.67,45.47,4073,Dry
31.7,44.1,1143,Wet
27.79,31.31,3876,Dry
38.0,61.3,2577,Dry
35.13,42.73,4095,Dry
33.56,47.0,1594,Wet
32.51,41.14,3164,Dry
33.92,45.73,2659,Wet
29.6,58.1,3861,Dry
28.47,65.97,1988,Wet
26.59,29.19,2177,Wet
33.2,49.2,1725,Wet
33.8,42.2,1994,Wet
25.84,39.24,3582,Dry
31.88,61.06,2013,Wet
31.71,47.73,4095,Dry
34.88,43.64,837,Wet
29.06,35.4,2644,Dry
36.59,59.33,2586,Dry
32.1,45.6,2367,Wet
33.46,29.69,2042,Wet
32.49,45.37,1650,Wet
33.1,44.97,1900,Wet
36.39,48.07,574,Wet
33.7,42.0,1042,Wet
31.71,52.04,3992,Dry
34.67,42.22,2721,Wet
30.2,57.37,3154,Dry
33.9,42.56,3439,Dry
34.78,40.87,4061,Dry
31.07,45.62,831,Wet
30.04,44.65,4008,Dry
32.17,64.99,1687,Wet
27.81,58.83,1337,Wet
30.28,48.54,1602,Wet
34.83,63.86,3267,Dry
32.25,44.78,3453,Dry
31.81,44.31,823,Wet
33.3,56.3,2060,Wet
34.07,43.5,1480,Wet
29.16,55.72,3175,Dry
35.37,47.91,1771,Wet
34.45,40.72,1995,Wet
33.6,42.7,1798,Wet
31.15,48.07,4095,Dry
35.66,56.67,2025,Wet
31.66,47.65,1078,Wet
33.29,40.98,1614,Wet
31.8,44.5,1276,Wet
32.9,43.89,1744,Wet
33.29,47.51,1760,Wet
33.53,46.36,1062,Wet
36.93,70.07,1531,Wet
31.85,41.26,1284,Wet
37.12,47.49,1844,Wet
28.36,45.92,2883,Dry
33.14,41.44,1641,Wet
35.13,46.47,1978,Wet
34.9,57.1,3950,Dry
28.15,42.45,3094,Dry
31.6,47.5,1588,Wet
33.69,45.02,4095,Dry
32.63,43.54,3571,Dry
34.2,38.6,1661,Wet
34.55,57.37,2023,Wet
30.56,46.7,4086,Dry
32.71,43.61,1119,Wet
34.74,56.73,1802,Wet
35.6,46.23,1764,Wet
28.81,44.66,1264,Wet
32.69,41.76,1717,Wet
32.52,46.46,4079,Dry
31.1,47.25,3763,Dry
33.18,54.48,2425,Wet
31.49,47.3,4081,Dry
34.8,47.93,4095,Dry
34.3,38.99,4095,Dry
32.46,41.45,1856,Wet
33.0,46.1,3967,Dry
30.25,61.14,2128,Wet
32.94,44.76,1238,Wet
35.17,38.91,3984,Dry
32.05,44.01,2250,Wet
33.33,49.24,846,Wet
33.44,41.84,1852,Wet
32.88,44.26,3036,Dry
37.5,33.37,1005,Wet
26.89,62.83,3988,Dry
33.04,43.0,1568,Wet
34.11,42.92,1336,Wet
32.11,43.15,1134,Wet
32.58,44.12,1810,Wet
26.18,66.41,1131,Wet
33.68,47.13,2343,Wet
32.36,44.12,2116,Wet
37.71,27.34,918,Wet
32.8,46.85,1766,Wet
31.15,44.81,815,Wet
33.11,42.78,1270,Wet
32.37,48.63,2106,Wet
25.15,38.42,1548,Wet
31.96,53.27,2675,Dry
30.87,57.63,900,Wet
34.88,56.0,1753,Wet
33.3,44.76,4095,Dry
30.94,39.74,1172,Wet
33.96,35.52,3582,Dry
33.23,31.38,3137,Dry
33.46,43.02,1010,Wet
35.02,31.38,2578,Dry
28.6,55.56,1312,Wet
32.95,40.38,1910,Wet
32.63,52.66,1800,Wet
33.1,43.56,923,Wet
32.37,43.47,3704,Dry
34.54,43.29,1770,Wet
29.37,42.56,2116,Wet
33.95,43.99,2629,Wet
36.69,36.36,3338,Dry
34.0,42.3,1899,Wet
33.9,44.7,1273,Wet
33.46,43.56,1236,Wet
34.5,42.37,1542,Wet
31.72,61.3,3217,Dry
34.1,47.59,1645,Wet
34.88,54.24,1869,Wet
34.5,43.66,1550,Wet
35.06,38.07,4042,Dry
30.05,64.16,2245,Wet
36.9,49.1,634,Wet
30.57,47.52,4021,Dry
33.08,46.02,1319,Wet
33.22,40.4,1298,Wet
32.85,51.75,1848,Wet
33.71,50.28,1778,Wet
32.62,35.39,892,Wet
34.02,47.17,4089,Dry
27.85,42.41,3047,Dry
28.47,65.45,1168,Wet
33.52,46.49,2968,Dry
33.51,44.53,1615,Wet
33.6,43.0,1484,Wet
33.54,44.0,1561,Wet
33.8,40.38,3940,Dry
33.0,41.71,1352,Wet
33.6,46.2,1602,Wet
33.3,43.86,2249,Wet
31.71,39.94,1322,Wet
33.28,54.81,1938,Wet
32.59,44.85,1070,Wet
32.36,36.69,602,Wet
32.87,29.65,839,Wet
32.43,44.63,1765,Wet
32.18,44.55,4035,Dry
30.07,46.0,4095,Dry
30.11,67.5,2210,Wet
31.14,44.41,807,Wet
36.28,38.33,1632,Wet
36.73,37.14,1852,Wet
30.78,43.43,1149,Wet
35.18,57.84,3632,Dry
27.0,69.6,1881,Wet
31.68,34.24,3135,Dry
33.64,45.0,2297,Wet
37.0,35.7,1777,Wet
32.28,42.59,1443,Wet
37.92,47.81,3836,Dry
34.37,59.27,778,Wet
33.84,52.19,1566,Wet
27.21,45.19,3007,Dry
33.3,43.9,2286,Wet
36.36,31.64,4032,Dry
33.72,45.01,2401,Wet
34.03,45.96,1071,Wet
38.49,41.29,559,Wet
33.43,49.32,1771,Wet
37.62,37.63,2102,Wet
34.11,44.4,1584,Wet
34.32,42.7,1741,Wet
32.93,44.85,1321,Wet
38.83,30.6,1388,Wet
34.04,41.6,911,Wet
32.64,43.19,1633,Wet
31.6,47.26,1125,Wet
33.42,47.33,1244,Wet
37.74,39.06,4041,Dry
28.84,39.19,2921,Dry
32.63,47.55,4095,Dry
32.3,47.19,2452,Wet
26.72,56.78,1774,Wet
31.33,53.95,1672,Wet
32.63,47.5,1680,Wet
32.37,44.21,1184,Wet
33.34,45.34,2583,Wet
33.6,49.98,1799,Wet
29.51,33.4,1947,Wet
31.8,44.53,3036,Wet
32.97,45.45,3990,Dry
33.44,44.6,3763,Dry
32.65,52.85,1872,Wet
33.19,48.73,1576,Wet
33.25,43.8,3485,Dry
30.33,48.99,1164,Wet
35.55,39.04,3278,Dry
27.93,70.54,1081,Wet
33.03,57.74,2024,Wet
33.01,51.13,1430,Wet
35.82,48.75,653,Wet
34.03,54.96,1927,Wet
30.36,45.62,3813,Dry
31.77,45.29,1257,Wet
33.83,43.36,803,Wet
32.41,50.23,4095,Dry
35.9,58.1,813,Wet
33.0,44.1,1222,Wet
33.13,63.04,2399,Wet
30.57,46.22,4095,Dry
33.19,40.68,3623,Dry
33.6,42.56,1950,Wet
33.66,44.38,3064,Dry
32.23,36.22,931,Wet
38.06,36.41,596,Wet
27.05,34.15,3765,Dry
35.16,64.73,2443,Wet
38.31,31.38,1375,Wet
33.5,42.0,1654,Wet
30.29,45.7,1330,Wet
33.2,58.24,1998,Wet
31.05,33.85,2834,Dry
31.7,46.3,4076,Dry
27.2,43.1,2099,Wet
31.52,41.0,3069,Dry
34.0,38.4,3968,Dry
33.02,66.75,3581,Dry
32.47,42.27,1618,Wet
36.72,30.78,3874,Dry
30.36,68.49,1223,Wet
34.53,47.45,2121,Wet
26.35,41.93,2075,Wet
32.25,42.12,1666,Wet
31.7,46.9,4077,Dry
34.27,45.31,1814,Wet
33.11,47.36,4095,Dry
30.5,47.49,4095,Dry
34.6,45.06,2658,Wet
34.75,41.25,1468,Wet
35.33,30.05,4047,Dry
34.93,59.03,4095,Dry
33.95,45.31,1441,Wet
35.16,33.39,3144,Dry
29.87,44.89,1782,Wet
30.88,46.55,1586,Wet
33.91,42.53,1874,Wet
31.44,44.38,1090,Wet
31.54,47.6,1110,Wet
34.53,50.31,1747,Wet
26.83,46.56,2925,Dry
34.61,40.82,2334,Wet
33.6,45.6,1565,Wet
32.17,47.85,1045,Wet
36.21,59.71,3998,Dry
32.95,44.09,2125,Wet
37.04,34.38,1385,Wet
37.73,51.42,608,Wet
36.8,34.0,1315,Wet
32.66,51.04,2001,Wet
38.7,60.26,2572,Dry
36.95,64.94,4095,Dry
31.51,44.44,922,Wet
35.24,33.33,1675,Wet
33.13,43.31,1742,Wet
31.46,46.92,4053,Dry
31.7,46.7,1569,Wet
31.0,43.67,3662,Dry
27.2,41.4,3684,Dry
33.49,44.59,2521,Wet
31.95,41.26,2278,Wet
31.85,43.14,2054,Wet
31.39,64.01,2334,Wet
33.2,45.54,750,Wet
33.89,43.09,1791,Wet
26.25,36.42,2966,Dry
37.16,29.91,4029,Dry
34.24,52.89,847,Wet
33.56,39.41,1468,Wet
31.57,60.33,1988,Wet
32.4,47.73,1064,Wet
33.3,43.49,4095,Dry
33.71,47.1,1844,Wet
32.91,64.51,2319,Wet
28.0,45.2,3018,Dry
36.4,42.7,1735,Wet
26.92,32.45,3693,Dry
33.14,42.99,1229,Wet
37.17,31.69,1837,Wet
32.3,46.63,3257,Dry
32.53,42.84,1232,Wet
35.33,41.24,1031,Wet
31.77,68.34,2289,Wet
32.66,46.89,1395,Wet
33.06,40.88,972,Wet
35.73,44.77,2217,Wet
32.09,48.47,2463,Wet
35.0,50.12,1372,Wet
32.92,39.43,2040,Wet
32.7,46.9,4095,Dry
33.62,45.13,2355,Wet
33.73,43.71,1675,Wet
32.16,42.73,4047,Dry
32.21,61.44,3337,Dry
34.8,55.2,1743,Wet
29.18,51.86,1516,Wet
32.78,43.19,4094,Dry
31.7,44.9,2090,Wet
34.64,51.19,1806,Wet
32.97,44.06,1272,Wet
38.12,64.22,2289,Wet
33.21,42.97,1279,Wet
34.17,49.92,4015,Dry
33.1,49.1,1717,Wet
33.92,46.09,1245,Wet
34.39,42.4,3958,Dry
33.5,45.86,1764,Wet
28.43,35.64,1588,Wet
31.89,45.34,4095,Dry
35.54,45.06,1843,Wet
30.91,63.99,3938,Dry
33.64,48.64,1072,Wet
31.7,44.44,903,Wet
33.0,43.9,1342,Wet
30.93,45.69,1774,Wet
30.34,45.67,3917,Dry
27.48,30.92,2200,Wet
37.73,29.49,1126,Wet
37.12,34.08,2641,Wet
33.43,43.93,1355,Wet
33.03,44.27,2002,Wet
32.05,42.5,1460,Wet
31.42,47.49,1242,Wet
29.84,64.22,2050,Wet
31.7,44.35,1584,Wet
34.29,41.91,4089,Dry
26.83,67.61,2018,Wet
33.28,43.85,4089,Dry
31.42,45.12,1177,Wet
32.89,42.88,1638,Wet
36.41,34.34,1323,Wet
34.2,34.07,1663,Wet
32.97,41.87,2637,Wet
25.56,59.62,2167,Wet
30.67,34.95,2802,Dry
27.57,35.94,2557,Dry
32.54,43.03,4048,Dry
36.6,32.76,1182,Wet
33.4,44.0,1510,Wet
31.55,49.57,1019,Wet
34.21,42.12,1587,Wet
31.63,41.25,4095,Dry
34.92,43.9,1734,Wet
31.72,36.45,1425,Wet
31.33,57.71,2494,Wet
33.9,45.9,1600,Wet
35.28,42.08,1603,Wet
36.16,63.32,4047,Dry
33.85,43.15,1716,Wet
32.38,44.4,1574,Wet
26.3,44.1,1589,Wet
34.37,40.91,1602,Wet
33.3,43.66,1513,Wet
33.64,51.47,1752,Wet
32.97,60.27,1960,Wet
38.5,33.1,1342,Wet
33.73,42.39,1526,Wet
34.29,64.55,3530,Dry
32.21,45.79,1186,Wet
34.18,57.77,2045,Wet
37.23,38.38,4095,Dry
33.56,43.12,1526,Wet
38.6,45.13,1371,Wet
32.6,46.7,1951,Wet
30.88,33.26,2741,Dry
34.22,43.76,1250,Wet
32.64,50.29,1359,Wet
29.3,30.9,2771,Dry
31.5,70.7,2783,Dry
27.19,43.71,2189,Wet
37.21,35.06,2035,Wet
31.75,44.6,4095,Dry
33.21,45.04,1214,Wet
32.09,40.38,1688,Wet
32.67,52.27,2029,Wet
30.73,64.42,1718,Wet
34.2,59.6,2444,Wet
29.67,44.24,1032,Wet
33.32,50.88,3822,Dry
34.7,64.8,3317,Dry
32.9,44.0,1645,Wet
33.46,42.17,1512,Wet
36.12,40.88,1536,Wet
33.28,45.4,2920,Wet
33.36,64.07,3648,Dry
37.8,36.4,1470,Wet
28.5,52.74,2635,Dry
33.4,43.4,1400,Wet
33.13,54.17,2537,Wet
33.75,44.34,1643,Wet
31.07,43.14,1739,Wet
32.93,44.25,3993,Dry
33.03,42.3,4024,Dry
34.37,46.95,2117,Wet
34.38,43.7,1548,Wet
31.34,43.45,3507,Dry
35.97,35.95,1581,Wet
26.6,64.9,1227,Wet
32.1,48.6,4095,Dry
34.58,40.76,2679,Wet
34.4,38.4,3968,Dry
34.91,49.34,1840,Wet
26.18,69.05,4049,Dry
33.26,49.74,1801,Wet
30.08,57.4,2579,Dry
33.67,48.45,1196,Wet
35.64,44.5,1779,Wet
34.58,37.99,3986,Dry
35.15,40.91,1348,Wet
35.76,38.76,3351,Dry
33.01,67.26,2759,Dry
33.68,42.86,2349,Wet
33.86,41.96,2278,Wet
34.2,69.3,1280,Wet
31.37,44.14,4095,Dry
38.94,42.57,1322,Wet
39.01,27.79,902,Wet
33.84,28.33,2025,Wet
36.01,39.29,4072,Dry
38.1,43.8,1350,Wet
28.12,58.31,1229,Wet
33.69,43.53,2039,Wet
33.75,61.67,3651,Dry
34.64,61.81,2119,Wet
32.23,49.36,4045,Dry
33.81,40.42,2631,Wet
33.71,36.62,1421,Wet
32.79,46.11,3852,Dry
32.84,42.19,2940,Wet
31.41,48.26,2945,Wet
32.0,47.1,4095,Dry
33.4,45.5,1100,Wet
34.09,47.92,3199,Dry
33.58,39.7,1676,Wet
33.24,48.05,683,Wet
33.93,45.98,1600,Wet
34.8,46.78,2133,Wet
28.9,56.2,3175,Dry
31.7,46.4,4870,Dry
33.88,41.47,1480,Wet
35.63,46.78,1125,Wet
33.8,42.89,1797,Wet
25.89,64.37,1147,Wet
38.85,34.5,1601,Wet
33.7,43.1,1043,Wet
31.6,36.8,630,Wet
37.97,36.99,1845,Wet
36.02,34.88,2142,Wet
37.33,63.05,3661,Dry
30.74,37.21,2576,Dry
34.67,30.7,631,Wet
36.65,31.44,2002,Wet
31.24,41.62,1816,Wet
33.07,45.79,2538,Wet
33.9,45.48,4074,Dry
33.2,44.3,1229,Wet
34.06,40.17,1993,Wet
33.48,49.77,2317,Wet
29.5,53.5,1407,Wet
31.93,46.5,1550,Wet
34.56,45.64,4011,Dry
27.6,69.04,1916,Wet
33.58,42.04,3829,Dry
31.95,48.62,1414,Wet
36.16,41.08,1611,Wet
29.06,54.69,1630,Wet
34.69,47.02,1281,Wet
32.25,33.31,2660,Dry
30.7,44.52,1129,Wet
35.51,50.69,4081,Dry
25.95,33.74,3677,Dry
36.7,64.4,2334,Wet
33.67,40.67,1589,Wet
36.06,32.71,1171,Wet
27.72,49.86,2642,Dry
31.6,46.1,860,Wet
36.0,39.2,4095,Dry
29.63,59.54,2226,Wet
29.03,52.19,1495,Wet
27.84,58.64,1865,Wet
32.48,43.09,1725,Wet
31.5,45.3,1150,Wet
33.8,38.3,3970,Dry
37.92,60.14,2552,Dry
34.02,40.56,1503,Wet
34.67,46.27,3459,Dry
31.19,41.72,1778,Wet
32.94,45.89,4071,Dry
33.91,34.69,2683,Dry
34.09,51.17,606,Wet
35.3,41.98,1405,Wet
34.13,41.72,2549,Wet
33.26,44.18,1844,Wet
29.15,53.85,1329,Wet
33.54,45.47,1461,Wet
31.75,45.84,4095,Dry
32.68,46.74,4039,Dry
30.8,48.11,1188,Wet
38.19,68.69,3197,Dry
31.4,49.51,1336,Wet
34.51,29.6,2639,Dry
36.46,32.77,1299,Wet
28.6,57.74,3752,Dry
32.9,44.2,4063,Dry
31.71,55.19,966,Wet
32.39,45.29,4015,Dry
32.77,56.09,3265,Dry
34.74,41.35,2289,Wet
34.3,47.79,1664,Wet
35.16,39.72,3620,Dry
32.38,61.7,3265,Dry
33.37,57.33,1981,Wet
35.42,49.46,1878,Wet
32.8,44.5,1680,Wet
25.44,70.0,1886,Wet
32.93,63.01,1607,Wet
35.6,37.13,2009,Wet
33.9,45.04,1444,Wet
34.02,44.04,940,Wet
31.8,62.07,1996,Wet
33.4,60.0,2040,Wet
31.48,44.75,3496,Dry
32.37,48.78,2046,Wet
35.69,37.72,916,Wet
39.12,34.29,1326,Wet
29.35,58.39,874,Wet
27.08,42.74,1573,Wet
32.57,47.37,1202,Wet
34.5,40.4,2300,Wet
32.9,44.1,1450,Wet
31.86,49.06,1526,Wet
32.3,43.9,4095,Dry
31.8,41.6,3130,Dry
32.1,33.5,805,Wet
29.24,36.6,3747,Dry
32.0,43.13,1354,Wet
30.18,39.9,2433,Wet
32.4,42.5,3553,Dry
34.35,39.15,1270,Wet
29.64,60.21,2611,Dry
32.39,42.44,2313,Wet
31.61,47.42,4095,Dry
35.17,61.88,815,Wet
28.8,66.3,1978,Wet
31.82,47.54,4094,Dry
32.93,53.73,1853,Wet
34.21,62.11,1171,Wet
33.36,56.17,2078,Wet
33.1,38.91,3415,Dry
29.72,32.33,3647,Dry
34.07,39.78,2311,Wet
32.8,69.1,2673,Dry
32.36,51.57,2445,Wet
30.94,42.25,3189,Dry
27.6,45.8,2864,Dry
34.58,36.66,1645,Wet
30.91,47.47,4057,Dry
29.84,47.51,4090,Dry
32.9,44.1,1880,Wet
34.28,46.92,4087,Dry
28.99,46.3,3148,Dry
33.43,40.64,1922,Wet
34.17,62.45,2034,Wet
25.93,32.68,3710,Dry
33.85,40.28,4052,Dry
25.46,63.37,3950,Dry
33.16,46.63,1552,Wet
37.24,36.01,4065,Dry
37.32,68.69,3306,Dry
29.94,56.28,2546,Dry
37.98,46.34,2690,Dry
32.42,42.22,3694,Dry
32.8,43.9,1770,Wet
27.57,42.01,1767,Wet
31.57,46.01,1045,Wet
32.91,44.29,1597,Wet
33.1,48.05,1601,Wet
32.23,51.09,3714,Dry
34.25,44.85,1596,Wet
30.03,58.71,1594,Wet
31.29,43.52,1514,Wet
31.49,42.67,4095,Dry
32.83,46.68,3111,Dry
31.9,45.56,1195,Wet
32.84,41.45,1539,Wet
31.39,45.69,1556,Wet
38.5,35.25,1476,Wet
32.9,45.6,4000,Dry
33.65,41.62,928,Wet
30.89,44.0,1134,Wet
31.72,46.29,2192,Wet
32.0,46.3,911,Wet
33.23,37.8,1722,Wet
33.83,60.79,2028,Wet
30.69,35.97,647,Wet
35.3,65.5,2265,Wet
34.6,69.2,2127,Wet
35.17,40.64,1712,Wet
33.15,45.93,1571,Wet
33.5,43.9,2118,Wet
30.66,43.71,1245,Wet
32.16,45.56,1010,Wet
30.4,43.4,1001,Wet
33.86,53.45,1977,Wet
37.5,69.4,1485,Wet
32.34,48.42,4094,Dry
29.49,53.72,2543,Dry
31.89,63.76,1950,Wet
33.54,40.81,1463,Wet
37.96,39.3,3376,Dry
27.55,33.35,3817,Dry
33.22,40.59,4048,Dry
28.85,58.88,1402,Wet
33.22,47.17,4095,Dry
31.73,50.94,4095,Dry
25.86,66.2,1298,Wet
34.1,61.78,1716,Wet
34.31,59.85,2045,Wet
36.58,67.73,1477,Wet
31.7,46.2,761,Wet
33.45,43.57,1909,Wet
32.2,45.4,1399,Wet
33.4,48.0,1808,Wet
32.38,41.09,1738,Wet
31.57,43.62,1691,Wet
34.22,48.58,1506,Wet
27.2,62.0,2179,Wet
29.63,52.62,2512,Wet
30.22,35.55,2520,Wet
29.85,44.52,3745,Dry
31.14,44.01,3689,Dry
31.47,70.1,2624,Dry
33.8,47.29,1176,Wet
32.62,44.4,1200,Wet
36.92,33.58,3867,Dry
32.44,48.65,4048,Dry
33.54,48.23,1134,Wet
31.66,68.75,2032,Wet
32.67,39.89,1474,Wet
30.53,34.2,1959,Wet
34.72,43.6,1095,Wet
38.92,53.75,1087,Wet
35.38,39.56,1650,Wet
28.47,41.25,1496,Wet
29.69,44.54,1783,Wet
29.21,66.24,2044,Wet
34.7,38.95,1626,Wet
25.82,69.16,1911,Wet
33.84,43.15,1025,Wet
39.75,72.69,3322,Dry
30.28,68.59,2296,Wet
29.86,56.43,935,Wet
31.1,67.0,2270,Wet
35.09,38.95,3418,Dry
30.15,45.07,2067,Wet
33.15,49.41,694,Wet
34.15,38.52,3695,Dry
32.14,40.37,1235,Wet
31.15,42.79,937,Wet
36.92,32.82,1108,Wet
35.18,43.71,2195,Wet
34.27,43.08,2563,Wet
32.08,39.39,2521,Wet
31.92,48.84,4095,Dry
31.74,47.4,3959,Dry
31.91,44.19,3769,Dry
33.34,44.26,1055,Wet
28.23,50.42,2675,Dry
32.39,44.34,1083,Wet
31.72,43.25,1050,Wet
32.43,46.49,1485,Wet
30.63,50.52,1095,Wet
27.64,58.33,1358,Wet
30.86,45.33,795,Wet
32.19,31.81,871,Wet
35.68,71.09,2151,Wet
37.26,50.11,648,Wet
32.35,68.7,2691,Dry
27.63,43.74,3033,Dry
33.05,46.2,2778,Wet
37.06,34.06,1228,Wet
33.72,32.3,3376,Dry
30.46,42.01,1259,Wet
25.35,62.75,3896,Dry
32.6,37.64,3437,Dry
34.36,46.93,4060,Dry
32.12,42.72,2717,Wet
35.75,43.01,2184,Wet
35.82,56.73,4076,Dry
34.14,41.96,1914,Wet
33.02,47.07,1923,Wet
26.92,38.5,2677,Dry
32.67,37.79,733,Wet
32.55,45.52,2190,Wet
32.94,42.3,1952,Wet
33.04,42.1,2504,Wet
33.39,37.32,3948,Dry
31.08,43.44,2211,Wet
37.19,57.31,757,Wet
32.0,44.06,1622,Wet
31.5,45.6,1070,Wet
30.41,43.01,2083,Wet
35.88,46.1,4066,Dry
33.79,59.79,1671,Wet
35.28,64.54,3387,Dry
33.3,53.6,2550,Wet
34.97,44.65,1228,Wet
34.49,47.18,3908,Dry
35.14,41.62,1515,Wet
35.49,40.72,1392,Wet
32.83,62.28,2204,Wet
29.78,37.22,3455,Dry
35.19,53.72,2003,Wet
31.68,47.82,866,Wet
33.92,52.1,1776,Wet
33.43,55.58,1947,Wet
33.53,33.96,2642,Dry
33.96,45.25,1253,Wet
31.9,44.5,1683,Wet
35.57,34.02,1746,Wet
37.19,31.48,1173,Wet
33.87,58.0,2055,Wet
31.41,41.37,3557,Dry
36.28,40.39,1123,Wet
27.08,67.46,1928,Wet
33.77,44.01,1892,Wet
32.56,44.72,1276,Wet
27.15,59.39,1630,Wet
32.48,45.4,1988,Wet
30.12,44.49,774,Wet
30.62,56.18,875,Wet
35.64,39.26,2305,Wet
30.64,34.59,1553,Wet
33.01,41.2,2010,Wet
32.19,71.12,3830,Dry
36.56,30.92,4034,Dry
32.71,43.53,1425,Wet
26.35,44.75,1659,Wet
33.7,38.88,2753,Wet
33.1,49.6,2020,Wet
37.73,31.27,1303,Wet
34.88,65.37,2284,Wet
35.97,34.97,4090,Dry
36.91,37.05,4095,Dry
32.78,39.09,560,Wet
32.1,45.9,954,Wet
35.92,46.57,3369,Dry
31.95,47.42,2027,Wet
30.19,47.11,1130,Wet
27.1,45.82,1518,Wet
35.86,33.75,1527,Wet
30.97,46.69,1139,Wet
34.07,43.64,3526,Dry
30.69,46.65,1018,Wet
32.6,36.88,2533,Dry
32.37,40.5,4062,Dry
31.82,45.9,961,Wet
33.96,42.4,2649,Wet
37.96,49.88,1113,Wet
33.82,43.34,2282,Wet
36.38,33.53,2130,Wet
32.56,49.83,1820,Wet
33.31,42.34,1457,Wet
38.59,33.65,1181,Wet
34.04,46.06,1649,Wet
32.77,57.89,1997,Wet
27.2,44.7,1250,Wet
34.36,47.51,1289,Wet
34.39,41.19,1745,Wet
31.67,46.28,4095,Dry
34.07,43.82,1818,Wet
31.42,45.99,1064,Wet
32.62,34.34,657,Wet
32.0,42.86,952,Wet
32.9,44.1,3529,Dry
31.56,56.04,1951,Wet
32.74,44.66,1968,Wet
32.39,46.45,1086,Wet
38.56,47.15,1349,Wet
33.74,43.21,1239,Wet
38.03,71.08,1545,Wet
27.11,64.79,1157,Wet
34.4,41.2,2438,Wet
38.56,37.83,4095,Dry
31.83,45.65,719,Wet
32.16,39.01,3158,Dry
30.13,42.08,961,Wet
27.06,43.85,1234,Wet
37.3,39.5,628,Wet
36.82,52.03,1047,Wet
38.27,36.11,1505,Wet
32.95,45.68,1292,Wet
30.54,50.75,3695,Dry
33.17,33.83,3534,Dry
29.38,48.27,1000,Wet
33.56,43.78,2027,Wet
27.19,42.98,1670,Wet
33.37,51.96,4025,Dry
31.7,45.7,1255,Wet
29.43,55.41,1678,Wet
33.37,46.82,2215,Wet
27.04,71.67,1897,Wet
32.54,43.53,1812,Wet
32.51,45.85,4053,Dry
31.41,43.5,1503,Wet
32.5,45.1,4095,Dry
33.33,49.03,4095,Dry
33.05,43.85,2114,Wet
35.8,48.78,4059,Dry
33.97,43.78,1481,Wet
31.2,41.19,1097,Wet
33.12,39.97,1009,Wet
31.31,64.86,3551,Dry
33.7,46.2,1231,Wet
32.79,46.53,911,Wet
26.7,38.0,4059,Dry
34.5,40.74,2025,Wet
32.02,48.85,4087,Dry
29.57,48.35,2495,Wet
32.54,42.6,1872,Wet
33.87,42.22,1388,Wet
32.07,46.29,1109,Wet
33.08,63.13,2141,Wet
